INFO,2020-10-31 14:41:42.492,app<updateListingData>,Started updating 21 Listing(s)...
INFO,2020-10-31 14:41:44.397,app<updateListingData>,Successfully updated 1 of 21 (ListingID:522070036)
INFO,2020-10-31 14:41:45.526,app<updateListingData>,Successfully updated 2 of 21 (ListingID:941862849)
INFO,2020-10-31 14:41:46.450,app<updateListingData>,Successfully updated 3 of 21 (ListingID:281435689)
INFO,2020-10-31 14:41:46.839,app<updateListingData>,Successfully updated 4 of 21 (ListingID:556847622)
INFO,2020-10-31 14:41:47.309,app<updateListingData>,Successfully updated 5 of 21 (ListingID:181607579)
INFO,2020-10-31 14:41:47.668,app<updateListingData>,Successfully updated 6 of 21 (ListingID:373680332)
INFO,2020-10-31 14:41:48.000,app<updateListingData>,Successfully updated 7 of 21 (ListingID:613013164)
INFO,2020-10-31 14:41:48.427,app<updateListingData>,Successfully updated 8 of 21 (ListingID:219214895)
INFO,2020-10-31 14:41:48.719,app<updateListingData>,Successfully updated 9 of 21 (ListingID:200054346)
INFO,2020-10-31 14:41:49.013,app<updateListingData>,Successfully updated 10 of 21 (ListingID:301525478)
INFO,2020-10-31 14:41:49.327,app<updateListingData>,Successfully updated 11 of 21 (ListingID:611355664)
INFO,2020-10-31 14:41:49.671,app<updateListingData>,Successfully updated 12 of 21 (ListingID:305354471)
INFO,2020-10-31 14:41:49.985,app<updateListingData>,Successfully updated 13 of 21 (ListingID:555697005)
INFO,2020-10-31 14:41:50.335,app<updateListingData>,Successfully updated 14 of 21 (ListingID:690218842)
INFO,2020-10-31 14:41:50.647,app<updateListingData>,Successfully updated 15 of 21 (ListingID:187222680)
INFO,2020-10-31 14:41:50.942,app<updateListingData>,Successfully updated 16 of 21 (ListingID:520697488)
INFO,2020-10-31 14:41:51.246,app<updateListingData>,Successfully updated 17 of 21 (ListingID:489823907)
INFO,2020-10-31 14:41:51.547,app<updateListingData>,Successfully updated 18 of 21 (ListingID:1176526420)
INFO,2020-10-31 14:41:51.885,app<updateListingData>,Successfully updated 19 of 21 (ListingID:509079635)
INFO,2020-10-31 14:41:52.302,app<updateListingData>,Successfully updated 20 of 21 (ListingID:129443952)
INFO,2020-10-31 14:41:52.680,app<updateListingData>,Successfully updated 21 of 21 (ListingID:180278332)
INFO,2020-10-31 14:43:39.849,app<updateListingData>,No ExistingListing needs to be updated
